product_category_name_english,orders,items_sold,unique_products,unique_sellers,items_gmv,freight_total,avg_item_price,median_item_price,avg_freight,commercial_total,gmv_pct
health_beauty,8836,9670,2444,492,1258681.34,182566.73,130.16,79.9,18.88,1441248.07,9.26
watches_gifts,5624,5991,1329,101,1205005.68,100535.93,201.14,129.0,16.78,1305541.6099999999,8.87
bed_bath_table,9417,11115,3029,196,1036988.68,204693.04,93.3,79.05,18.42,1241681.72,7.63
sports_leisure,7720,8641,2867,481,988048.97,168607.51,114.34,78.0,19.51,1156656.48,7.27
computers_accessories,6689,7827,1639,287,911954.32,147318.08,116.51,81.99,18.82,1059272.4,6.71
furniture_decor,6449,8334,2657,370,729762.49,172749.3,87.56,65.49,20.73,902511.79,5.37
cool_stuff,3632,3796,789,267,635290.85,84039.1,167.36,129.99,22.14,719329.95,4.67
housewares,5884,6964,2335,468,632248.66,146149.11,90.79,59.8,20.99,778397.77,4.65
auto,3897,4235,1900,383,592720.11,92664.21,139.96,84.9,21.88,685384.32,4.36
garden_tools,3518,4347,753,237,485256.46,98962.75,111.63,59.9,22.77,584219.21,3.57
toys,3886,4117,1411,252,483946.6,77425.95,117.55,79.9,18.81,561372.5499999999,3.56
baby,2885,3065,919,244,411764.89,68353.11,134.34,77.98,22.3,480118.0,3.03
perfumery,3162,3419,868,175,399124.87,54213.84,116.74,84.99,15.86,453338.70999999996,2.94
telephony,4199,4545,1134,149,323667.52999999997,71215.79,71.21,29.99,15.67,394883.31999999995,2.38
office_furniture,1273,1691,309,34,273960.7,68571.95,162.01,144.99,40.55,342532.65,2.02
stationery,2311,2517,849,173,230943.23,46798.48,91.75,79.0,18.59,277741.71,1.7
computers,181,203,30,9,222963.13,9836.3,1098.34,1100.0,48.45,232799.43,1.64
pet_shop,1710,1947,719,137,214315.41,39561.24,110.07,89.7,20.32,253876.65,1.58
musical_instruments,628,680,289,70,191498.88,18638.49,281.62,94.84,27.41,210137.37,1.41
small_appliances,630,679,231,105,190648.58,16020.25,280.78,99.0,23.59,206668.83,1.4
unknown,1473,1627,623,263,185049.76,28613.14,113.74,69.99,17.59,213662.90000000002,1.36
electronics,2550,2767,517,149,160246.74,46578.32,57.91,21.9,16.83,206825.06,1.18
consoles_games,1062,1137,317,82,157465.22,19828.02,138.49,59.0,17.44,177293.24,1.16
fashion_bags_accessories,1864,2031,849,99,152823.54,31450.0,75.25,49.0,15.48,184273.54,1.12
construction_tools_construction,748,929,400,128,144677.59,20650.41,155.73,89.0,22.23,165328.0,1.06
luggage_accessories,1034,1092,349,73,140429.98,30445.23,128.6,99.94,27.88,170875.21000000002,1.03
home_appliances_2,234,238,90,46,113317.74,10600.18,476.12,225.94,44.54,123917.92000000001,0.83
home_construction,490,604,225,68,83088.12,13832.24,137.56,95.2,22.9,96920.36,0.61
home_appliances,764,771,370,48,80171.53,14818.9,103.98,47.59,19.22,94990.43,0.59
agro_industry_and_commerce,182,212,74,34,72530.47,5843.6,342.12,258.65,27.56,78374.07,0.53
furniture_living_room,422,503,156,56,68916.56,17968.170000000002,137.01,103.97,35.72,86884.73,0.51
fixed_telephony,217,264,116,49,59583.0,4637.81,225.69,64.48,17.57,64220.81,0.44
home_confort,397,434,111,20,58572.04,8501.23,134.96,89.9,19.59,67073.27,0.43
air_conditioning,253,297,124,52,55024.96,6749.23,185.27,139.99,22.72,61774.19,0.4
audio,350,364,58,36,50688.5,5710.44,139.25,89.0,15.69,56398.94,0.37
small_appliances_home_oven_and_coffee,75,76,31,15,47445.71,2747.86,624.29,587.0,36.16,50193.57,0.35
books_general_interest,512,553,216,54,46856.88,9195.52,84.73,44.9,16.63,56052.399999999994,0.34
kitchen_dining_laundry_garden_furniture,248,281,94,52,46328.37,11999.43,164.87,110.0,42.7,58327.8,0.34
construction_tools_lights,244,304,78,37,41080.0,7583.8,135.13,104.5,24.95,48663.8,0.3
construction_tools_safety,167,194,91,35,40544.52,3919.1,208.99,125.58,20.2,44463.619999999995,0.3
industry_commerce_and_business,235,268,68,29,39669.61,7884.68,148.02,103.0,29.42,47554.29,0.29
food,450,510,82,58,29393.41,7271.03,57.63,48.94,14.26,36664.44,0.22
market_place,280,311,104,59,28378.47,5456.06,91.25,62.8,17.54,33834.53,0.21
costruction_tools_garden,194,238,88,33,25715.89,5311.4,108.05,48.94,22.32,31027.29,0.19
art,202,209,55,36,24202.64,4045.17,115.8,97.5,19.35,28247.809999999998,0.18
fashion_shoes,240,262,173,15,23562.77,4918.87,89.93,77.4,18.77,28481.64,0.17
drinks,297,379,81,36,22428.7,5741.25,59.18,47.49,15.15,28169.95,0.17
signaling_and_security,140,199,93,46,21509.23,6507.820000000001,108.09,75.0,32.7,28017.05,0.16
furniture_bedroom,95,109,45,23,20028.78,4632.23,183.75,179.0,42.5,24661.01,0.15
books_technical,260,267,123,26,19096.06,4283.06,71.52,57.49,16.04,23379.120000000003,0.14
costruction_tools_tools,97,103,39,24,15903.95,2030.22,154.41,59.99,19.71,17934.170000000002,0.12
food_drink,227,278,104,34,15179.48,4507.99,54.6,38.75,16.22,19687.47,0.11
fashion_male_clothing,112,132,95,13,10797.82,2152.41,81.8,59.9,16.31,12950.23,0.08
fashion_underwear_beach,121,131,53,9,9541.55,1916.19,72.84,59.9,14.63,11457.74,0.07
christmas_supplies,128,153,65,17,8800.82,3229.2999999999997,57.52,44.9,21.11,12030.119999999999,0.06
tablets_printing_image,79,83,9,6,7528.41,1226.2,90.7,99.0,14.77,8754.61,0.06
cine_photo,65,72,28,14,6933.46,1256.2,96.3,72.82,17.45,8189.66,0.05
music,38,38,27,19,6034.35,690.51,158.8,54.89,18.17,6724.860000000001,0.04
dvds_blu_ray,59,64,48,10,5999.39,1288.74,93.74,19.9,20.14,7288.13,0.04
books_imported,53,60,31,7,4639.85,769.85,77.33,63.0,12.83,5409.700000000001,0.03
party_supplies,39,43,26,12,4485.18,827.97,104.31,67.9,19.26,5313.150000000001,0.03
furniture_mattress_and_upholstery,38,38,10,5,4368.08,1630.46,114.95,85.0,42.91,5998.54,0.03
fashio_female_clothing,39,48,27,11,2803.64,621.75,58.41,49.5,12.95,3425.39,0.02
fashion_sport,27,30,19,10,2119.51,578.13,70.65,59.9,19.27,2697.6400000000003,0.02
la_cuisine,13,14,10,2,2054.99,333.55,146.78,137.0,23.82,2388.54,0.02
arts_and_craftmanship,23,24,19,13,1814.01,370.13,75.58,44.9,15.42,2184.14,0.01
diapers_and_hygiene,27,39,12,8,1567.59,573.68,40.19,37.0,14.71,2141.27,0.01
flowers,29,33,14,3,1110.04,488.87,33.64,25.99,14.81,1598.9099999999999,0.01
home_comfort_2,24,30,5,4,760.27,410.31,25.34,12.9,13.68,1170.58,0.01
cds_dvds_musicals,12,14,1,1,730.0,224.98999999999998,52.14,45.0,16.07,954.99,0.01
fashion_childrens_clothes,8,8,5,4,569.85,95.51,71.23,69.94,11.94,665.36,0.0
security_and_services,2,2,2,2,283.28999999999996,41.22,141.64,141.64,20.61,324.51,0.0
